{"cameraMode":{"drawMode":0,"name":"Shaded","section":"Shading Mode"},"sceneLighting":false,"audioPlay":false,"sceneViewState":{"m_AlwaysRefresh":false,"showFog":true,"showSkybox":false,"showFlares":true,"showImageEffects":true,"showParticleSystems":true,"showVisualEffectGraphs":true,"m_FxEnabled":true},"in2DMode":false,"pivot":{"x":-0.6383435726165772,"y":1.1189945936203004,"z":-1.2614431381225587},"rotation":{"x":-0.0033008274622261526,"y":0.9939965605735779,"z":-0.10475534945726395,"w":-0.03132135793566704},"size":2.0597288608551027,"orthographic":false}