{"cameraMode":{"drawMode":0,"name":"Shaded","section":"Shading Mode"},"sceneLighting":false,"audioPlay":false,"sceneViewState":{"m_AlwaysRefresh":false,"showFog":true,"showSkybox":false,"showFlares":true,"showImageEffects":true,"showParticleSystems":true,"showVisualEffectGraphs":true,"m_FxEnabled":true},"in2DMode":false,"pivot":{"x":-0.5315667390823364,"y":1.8470418453216553,"z":0.0793837383389473},"rotation":{"x":-0.10210517793893814,"y":0.6802806854248047,"z":-0.09656016528606415,"w":-0.7193505167961121},"size":1.5073950290679932,"orthographic":false}