{"cameraMode":{"drawMode":0,"name":"Shaded","section":"Shading Mode"},"sceneLighting":false,"audioPlay":false,"sceneViewState":{"m_AlwaysRefresh":false,"showFog":true,"showSkybox":false,"showFlares":true,"showImageEffects":true,"showParticleSystems":true,"showVisualEffectGraphs":true,"m_FxEnabled":true},"in2DMode":false,"pivot":{"x":15.286922454833985,"y":2.987549304962158,"z":21.66531753540039},"rotation":{"x":0.14768056571483613,"y":-0.06019068881869316,"z":0.009004663676023484,"w":0.9871605634689331},"size":3.0247445106506349,"orthographic":false}