{"cameraMode":{"drawMode":0,"name":"Shaded","section":"Shading Mode"},"sceneLighting":false,"audioPlay":false,"sceneViewState":{"m_AlwaysRefresh":false,"showFog":true,"showSkybox":false,"showFlares":true,"showImageEffects":true,"showParticleSystems":true,"showVisualEffectGraphs":true,"m_FxEnabled":true},"in2DMode":false,"pivot":{"x":-0.7795570492744446,"y":1.9921361207962037,"z":0.5706075429916382},"rotation":{"x":-0.014226521365344525,"y":0.9854913353919983,"z":-0.1308450996875763,"w":-0.10715322196483612},"size":3.324744701385498,"orthographic":false}