{"cameraMode":{"drawMode":0,"name":"Shaded","section":"Shading Mode"},"sceneLighting":false,"audioPlay":false,"sceneViewState":{"m_AlwaysRefresh":false,"showFog":true,"showSkybox":false,"showFlares":true,"showImageEffects":true,"showParticleSystems":true,"showVisualEffectGraphs":true,"m_FxEnabled":true},"in2DMode":false,"pivot":{"x":-0.3892064094543457,"y":1.3492488861083985,"z":0.04160432517528534},"rotation":{"x":-0.10210517793893814,"y":0.6802806854248047,"z":-0.09656016528606415,"w":-0.7193505167961121},"size":1.8247449398040772,"orthographic":false}